{
    "score_train": 0.5789855072463768,
    "score_test": 0.15,
    "score_cv": 0.43662222222222224,
    "depth_cv": 6
}