{
    "score_train": 0.5097584541062802,
    "score_test": 0.14666666666666667,
    "score_cv": 0.42187777777777774,
    "depth_cv": 4
}