{
    "score_train": 0.5815458937198068,
    "score_test": 0.03666666666666667,
    "score_cv": 0.4229555555555556,
    "depth_cv": 6
}