{
    "score_train": 0.5066183574879227,
    "score_test": 0.11,
    "score_cv": 0.41622222222222216,
    "depth_cv": 4
}