{
    "score_train": 0.5128502415458938,
    "score_test": 0.5433333333333333,
    "score_cv": 0.4152888888888889,
    "depth_cv": 4
}