{
    "score_train": 0.5827536231884058,
    "score_test": 0.4266666666666667,
    "score_cv": 0.4244,
    "depth_cv": 6
}