{
    "score_train": 0.5294202898550725,
    "score_test": 0.006666666666666667,
    "score_cv": 0.4363555555555555,
    "depth_cv": 4
}