{
    "score_train": 0.5054589371980677,
    "score_test": 0.5366666666666666,
    "score_cv": 0.4178,
    "depth_cv": 4
}