{
    "score_train": 0.5927053140096619,
    "score_test": 0.0033333333333333335,
    "score_cv": 0.4267777777777778,
    "depth_cv": 6
}