{
    "score_train": 0.5677777777777778,
    "score_test": 0.6433333333333333,
    "score_cv": 0.44250000000000006,
    "depth_cv": 6
}