{
    "score_train": 0.5871980676328502,
    "score_test": 0.7633333333333333,
    "score_cv": 0.43395555555555554,
    "depth_cv": 6
}