{
    "score_train": 0.5929951690821256,
    "score_test": 0.3,
    "score_cv": 0.4274000000000001,
    "depth_cv": 6
}