{
    "score_train": 0.5867632850241545,
    "score_test": 0.5366666666666666,
    "score_cv": 0.43256666666666665,
    "depth_cv": 6
}