{
    "score_train": 0.5071497584541063,
    "score_test": 0.73,
    "score_cv": 0.4091111111111111,
    "depth_cv": 4
}