{
    "score_train": 0.5074879227053141,
    "score_test": 0.7666666666666667,
    "score_cv": 0.40656666666666663,
    "depth_cv": 4
}