{
    "score_train": 0.5095652173913043,
    "score_test": 0.023333333333333334,
    "score_cv": 0.4156444444444444,
    "depth_cv": 4
}