{
    "score_train": 0.5855072463768116,
    "score_test": 0.5566666666666666,
    "score_cv": 0.4309222222222222,
    "depth_cv": 6
}