{
    "score_train": 0.5156038647342995,
    "score_test": 0.41333333333333333,
    "score_cv": 0.4304222222222222,
    "depth_cv": 4
}