{
    "score_train": 0.5841062801932367,
    "score_test": 0.043333333333333335,
    "score_cv": 0.4321,
    "depth_cv": 6
}