{
    "score_train": 0.582512077294686,
    "score_test": 0.8733333333333333,
    "score_cv": 0.43466666666666665,
    "depth_cv": 6
}