{
    "score_train": 0.5728985507246377,
    "score_test": 0.9333333333333333,
    "score_cv": 0.4236777777777777,
    "depth_cv": 6
}