{
    "score_train": 0.5907729468599033,
    "score_test": 0.19,
    "score_cv": 0.4353666666666666,
    "depth_cv": 6
}