{
    "score_train": 0.5093719806763285,
    "score_test": 0.73,
    "score_cv": 0.4179333333333333,
    "depth_cv": 4
}