{
    "score_train": 0.5811594202898551,
    "score_test": 0.37,
    "score_cv": 0.4401888888888889,
    "depth_cv": 6
}